{"cameraMode":{"drawMode":0,"name":"Shaded","section":"Shading Mode"},"sceneLighting":false,"audioPlay":false,"sceneViewState":{"showFog":true,"showMaterialUpdate":false,"showSkybox":true,"showFlares":true,"showImageEffects":true,"showParticleSystems":true},"in2DMode":false,"pivot":{"x":3.2742691040039064,"y":1.99383544921875,"z":-2.3180644512176515},"rotation":{"x":-0.02693691849708557,"y":0.9418516755104065,"z":-0.3257681131362915,"w":-0.07787854969501496},"size":30.543292999267579,"orthographic":false}