{"cameraMode":{"drawMode":0,"name":"Shaded","section":"Shading Mode"},"sceneLighting":false,"audioPlay":false,"sceneViewState":{"showFog":true,"showMaterialUpdate":false,"showSkybox":true,"showFlares":true,"showImageEffects":true,"showParticleSystems":true},"in2DMode":false,"pivot":{"x":6.734908103942871,"y":-23.089811325073243,"z":27.013689041137697},"rotation":{"x":-0.3313685953617096,"y":-0.12348957359790802,"z":0.04379509389400482,"w":-0.9343593120574951},"size":53.847713470458987,"orthographic":false}