{"cameraMode":{"drawMode":0,"name":"Shaded","section":"Shading Mode"},"sceneLighting":false,"audioPlay":false,"sceneViewState":{"showFog":true,"showMaterialUpdate":false,"showSkybox":true,"showFlares":true,"showImageEffects":true,"showParticleSystems":true},"in2DMode":false,"pivot":{"x":2.6479570865631105,"y":-9.582564353942871,"z":-0.7374589443206787},"rotation":{"x":-0.24985656142234803,"y":-0.47938528656959536,"z":0.1445225328207016,"w":-0.8287790417671204},"size":22.929248809814454,"orthographic":false}